email,password
ukidd002@gmail.com,123412
lsiwh32749@gmail.com,123456
ukidd12@naver.com,123412
haram8274@gmail.com,123456
leshgi2447@naver.com,123412
lyoungin1204@gmail.com,playdata32!
mang.gee97@gmail.com,121212
jihyuno0730@naver.com,jihyuno0730!@
yeji70@example.org,(fIexXH!40
minjaegim@example.com,DwH4nAYon_
fgim@example.org,x@0!BJ4cX8
hyeonjunhan@example.com,w)%J7RosLP
hgang@example.com,(5R@xlaLoo
minjigwag@example.com,20UPlgS%*S
sangceol87@example.org,^3y0*SKah@
bagseungmin@example.org,0kngLlde#1
oi@example.com,)f8sJgPj%P
gimsangho@example.org,c_)6HZqP(J
seoyun50@example.com,!9G75M3*Yr
minjun45@example.org,$B2RMQ5gv!
ijeongsug@example.com,)3TIt)lCc2
sonjeongsug@example.com,DR1lWnOg(x
ujinca@example.com,!+148dVj2(
seoyeon40@example.net,e4VGCI0p@z
sanghyeonbaeg@example.com,#m2*2PxkaY
yeongsubag@example.net,ypQ7&U^mM%
ogsun74@example.org,W*y98JQtl!
jaehoi@example.org,Zu@_6OusFt
myeongjai@example.net,qU3L6pbe)$
ygim@example.com,)ZO)s*xd95
haeungim@example.com,zn3GRYk3^S
gimyeonghyi@example.net,4DO&zM5l#N
minsu73@example.org,AWaEbwAM%3
hyeonjeonggwag@example.com,#zPFgcDF_7
seunghyeon34@example.com,!I5DYtd%2C
seonghuni@example.org,E2*UJ%R5!v
gimyujin@example.net,6k!yBj7g^K
hwangmiyeong@example.com,)5#M6&NzaX
yeonghyi98@example.org,G%2U7Kyueg
seongjin66@example.org,Vk@2Od9wGJ
yeeun50@example.com,Qqj58FFE)&
sanghoi@example.org,Tf71Thkf7(
seongmin20@example.org,LS5GA$0a#r
nojimin@example.net,v$2Axnl)%E
jinhogim@example.org,s^7OQK5xeC
juweon00@example.net,R^2jWX1n^D
jieungim@example.com,(BGrS8btk3
pgim@example.com,!Vrfq0Zb*0
baeggyeongsug@example.org,##p_Oa*t67
gimjeongsu@example.com,CfR0PQYrz$
gangareum@example.org,(A!1Twti9d
yeongsig08@example.com,+6hbHMTxWG
sgim@example.net,4)KOzjf6%6
hongogja@example.net,ojOGzCog*0
jinhomin@example.com,#S2JM#tpZ5
jungsui@example.net,!3eMexlCZ#
wi@example.org,&1yLXAOjZ!
noyeweon@example.org,P$9YvLpEHx
yeongsun86@example.org,#k@ZTolDA1
ihyeonji@example.org,%vR0vEip4n
bgim@example.net,s60P%p@VN!
kan@example.net,_XVQMrWph8
xeom@example.com,!q8P1tynhX
yeeunjang@example.net,w9qU^B5a*f
cgim@example.com,#i(5CCepVw
gimyeongceol@example.com,d(E8LA@r46
rryu@example.net,f@3Z7b_pCQ
miyeong51@example.com,*ZmiaS*hi7
cunjagim@example.net,3&9qYkCd9!
ryuareum@example.net,^Ba+0Pdv2Y
cha@example.com,^6Mh^SmMH6
jihyeongang@example.com,%$NGP)Sh*0
sunjagim@example.net,p^n0BDAk*D
gyeonghyi67@example.com,^SDpr5Jx8#
obag@example.net,h3WEbc_7#z
hyeonsughwang@example.com,EF^279Cof6
junyeong49@example.org,4WIGWuI6!b
sunja12@example.net,Jx6UbWJiw%
minminji@example.org,$YVtY%gFf0
byeongceolgim@example.net,+$8NXukeKE
jinhomun@example.org,&AC)rFnU9E
seoyun61@example.com,&ccJ*EM@$9
bagjeongho@example.net,u_)235Hu+y
yeonggilhwang@example.com,DZ^a)2lir#
donghyeongim@example.net,e%5S%ufg*S
junho60@example.org,@b7Hu1+sx9
ngim@example.com,!0ocB32bjp
gimjungsu@example.net,Tcq(1^Mq$@
baejiyeon@example.com,1_2sXgJTin
seoyunca@example.org,&u1G5QUzq2
dyun@example.com,9GybIuCR!d
ijongsu@example.com,z3+RlYof$7
junhyeogi@example.org,h8aMB14i+c
jeonghun27@example.com,c!*5qPNzI1
coeyeji@example.com,Jpf3Or5go_
hyeonjeonggim@example.com,r3mNEUtV_M
ran@example.com,Vfw&3IudX1
hyeonui@example.net,Z@7F&i1h@5
gwangsu42@example.org,ks9IL5peT#
ujin86@example.com,V4VQG(sy%y
yeongceolcoe@example.com,8uo)lIHu%G
fi@example.net,)1+R1Tj(P5
hyeonsugi@example.com,*svi6ZefhT
imisug@example.org,$Ltu6Zb)5A
jinho55@example.org,!23Dzcfsy_
seunghyeon10@example.com,99odIx6$#!
joseohyeon@example.com,dW!6NhJqMS
sumin20@example.org,(0CvlSk2r@
yujin36@example.com,^BFqOqZo#0
misugyun@example.net,0AVRJ4TA+j
baeseongho@example.net,R9_1Diwr^v
gimseongmin@example.net,J8DrBUyn_Q
migyeongbag@example.org,(bC1%Cw&RH
jinho68@example.com,nt42hNy0*!
geonuhwang@example.net,!+Qznjh1S0
junseobag@example.org,@YXWPKxj46
seonghoha@example.com,w(r(z8TgER
qgim@example.com,b23@LqsG!9
gimareum@example.net,+^DYhx(1W5
ugim@example.net,q3YB6o)*^I
songyeongja@example.net,BCxJ$8CfNY
areum15@example.org,%qJBofm1w2
wbag@example.org,j)2Hg$XAyD
yeonghwan80@example.net,c)I8$AjpEH
qbag@example.net,0#2V5EIP6d
jeongsu01@example.com,TR3L_vkL(F
ujin18@example.net,O^6$h7&l+K
siu89@example.org,@30CYpp6t8
ccoe@example.net,@WHiSN70^8
qryu@example.net,9XKSt4Tgr&
iyeeun@example.net,v+U2MqKn^!
jihun43@example.com,6a7Vt*9J^0
anjaeho@example.org,#&Pd5KYau^
tsim@example.net,*8R9ynuW_C
juweon92@example.org,K$x5xsOqGz
bagjihye@example.com,$Q6)5Rk#WA
yunseonghun@example.net,A&^7!DRk6V
jeonghun47@example.net,e9QEy!vs&3
jojinu@example.org,*11sPhCkA&
seonghogim@example.org,q^2@FNazDl
cyun@example.com,%FIaOBeEO9
wgim@example.org,dg5nVCWg$!
sugja55@example.net,!(2vZMriZ!
jgim@example.com,5@0MerhTCj
cadohyeon@example.com,%)1L!uSa&%
gimjeongsig@example.org,0$$Of#PZ@f
yejin07@example.com,w4_5Mv5&%P
sunjagim@example.org,c6EqUNzS+I
yunseo20@example.com,M#6j2HNxnT
seongho46@example.net,R0AKA8nu&g
gimeungyeong@example.com,$7A5aL*!Sj
gyeongsug36@example.org,Yh0VSaYlP$
myeongsug00@example.net,*W#SMHuUp7
minjungim@example.com,(3PTFB2qZW
jangjiu@example.org,m)BjabZG#8
xgim@example.com,(g&4C2egss
gimboram@example.net,QPTEaFAk@1
yeongjagim@example.com,jz+0R*Fg%7
sangceol00@example.net,*lHP1TpJB1
bagyeongja@example.com,@77#V3Io5$
eunseo46@example.net,^y60*BTf*Z
junseo78@example.com,9^2m)SXzsD
hyejingim@example.com,dH0BpbyQ#z
yeongjincoe@example.org,d_9MP!iU6@
minseo64@example.net,9LEPljXe@U
igim@example.org,5vf1VXj3+G
jgim@example.org,@9W_@_mTAn
yeongceol29@example.net,3WiXnF&5*d
zjeong@example.org,_3Pk2Yw_$c
seoyeongryu@example.net,@aZ^A#z7b0
hyejini@example.net,V^4)RmWw!(
yeweoni@example.net,LU_Ub7PmM(
gimhyeonjeong@example.com,+97tGfb70)
jeongungha@example.net,@RBR3BNk)5
wi@example.com,N172ZCcr(z
igeonu@example.net,rSu6Ub^rP@
misugi@example.com,vLP8u+FL%7
oyeongceol@example.com,!KZ3WVqwJ1
sbag@example.org,&aZaM1Rr*2
ggim@example.org,&Z4D@ZxS$1
dbaeg@example.com,#2UhK*wxMX
seoeunji@example.com,p%cm3Yjk(L
iyeonghyi@example.org,$2RYVmg#bG
gimjeongsug@example.org,i%P43&bd2L
mseo@example.net,x6Puqyhm*a
donghyeon02@example.net,(4uG8qXqN%
gimjiweon@example.org,!r_fXcWWt3
ai@example.com,@XPIq5T39T
minsui@example.com,JzSO6ajD)6
bagjiyeong@example.com,S_%gl4Uskh
bagseonghyeon@example.net,B!cjJ8YbF#
simbyeongceol@example.org,#U8WITGzz4
bagjeongho@example.org,_8qCLmZfDl
miyeong29@example.com,L7dpCusc(0
minsugim@example.net,)TB^2_Fb&%
bagcaeweon@example.org,xAJ!Mf*k%4
geonu28@example.net,*^^7^Qp!#&
cgang@example.net,!2x1U&rEw3
wgim@example.net,^9dD+eyHGV
eungyeonggim@example.net,(tbHhI%j)5
heobyeongceol@example.com,_0BjnmuV57
hanseongsu@example.org,#m2sKTDeAz
gyeongsugi@example.net,B*D1gJvSS@
cgim@example.org,^HYV1JeLp5
mijeong97@example.net,%R&w7Ohm4#
ogsun56@example.org,%lSK$_g3k2
jiweonbag@example.net,_@Xv4Mrv^Z
jiyeon48@example.net,@40Fqtc(x!
gimeunseo@example.org,Y%6OR!$v*r
myeongja36@example.org,X!p6!9NkGI
sunogyun@example.org,ak9k5AUdn@
isiu@example.com,%B$8RmMx1@
ii@example.org,+E5iG8Uds)
hcoe@example.net,+%MYdpsSb7
byeongceolo@example.org,6EN1Qu$6!c
eunjugu@example.com,Bv9bArxdD!
coemiyeong@example.org,5x(R%nK+#N
seoyeoni@example.org,#j8HSDlyN4
yunseo15@example.org,yis7YNfxN&
egim@example.net,qGeAW2B@+2
haeungwag@example.org,%KpcFQuJ5l
ieunji@example.org,Ui^8NdZoZ^
seonyeongsong@example.com,n69EZAFcz$
sangceol14@example.net,YiTaokqi+1
gimyeongsun@example.net,Qp2NuTnFX#
ybae@example.org,K)0h8SrL1z
ho@example.net,x(3La#(d+9
junseogim@example.com,%0j+50vl(N
yujingim@example.org,*4KxkF+5+s
gweonyeweon@example.org,ew_2Skmmmy
jiyeon02@example.com,_&sTs@(tB4
sunogi@example.net,Ch2_DxYjU_
khwang@example.net,dfw9G6l4+k
yeonghwangim@example.com,#4pRGookI)
songsubin@example.net,#x&H%WQd4k
gimsubin@example.com,#&7b#UBxSo
yejun80@example.net,90pyH7!b@0
miyeong22@example.com,$!AH12Wlq%
sunoggim@example.org,*ahOBe%L3s
yeweongim@example.com,6&nsS3EdP)
xbag@example.org,r0NHNWtV^H
iseunghyeon@example.com,#2WuZlruB^
jeonghungweon@example.com,LP_A5PDmw(
jiaseo@example.org,2q&0XbKdai
bagsangho@example.org,I3ETPElz@J
ansanghyeon@example.net,#7BKnZEWUt
yuneunyeong@example.com,%0FAL2b70T
seoyunbag@example.org,#McEt1Fx*6
bgim@example.com,vvMjo8Uu^4
eunjigim@example.org,_0Tdzspl2j
mgweon@example.com,oR0QP8s*w&
junyeong14@example.org,^dz@9tDf@_
wjang@example.net,a$0MmO0gM(
seonyeong57@example.com,_x8dGcciG6
oseojun@example.com,*8nDWngp_9
uhyeonju@example.net,DUm4Eryj&^
eunjino@example.org,$T@CrTlO_8
bagboram@example.org,@tnQPUQd0L
caeweon74@example.net,Ce$2IuV%)X
jaeho68@example.org,Y2CphYY4$k
minji34@example.net,6aH5jptC@b
doyun36@example.net,+o%ZJi9nh6
anjinho@example.org,k9R8Wa!m+O
junhoim@example.net,%NteEo2t40
hyeonugim@example.net,V8CojZ2Q#u
jungsu43@example.net,f^4QEW#oKB
minjunjang@example.net,LN&3Ka7ZFn
eunyeong09@example.com,KauuQ5g7*2
hgim@example.org,n$3OoIQR4j
gimogja@example.net,*iVYCUE&c1
junhogim@example.com,^!I&kg59X0
jiu97@example.com,Av9JwWHY#%
ihyeonsug@example.net,+4uim$Jsq4
sonyeongsig@example.com,@X7KxmL%3G
cgim@example.net,I_vxr6Epyq
jiu23@example.net,$uO#3Ff9mb
gwangsu06@example.org,i7%6m0KuMO
si@example.org,z4E+U2sp&W
nmun@example.org,k#Mq1FFn9Y
jihun82@example.org,85DOwleK_K
jo@example.org,C*9vM)g@Bd
seongjinbaeg@example.net,p147QqXn$$
ngim@example.net,75IHpMhc&k
yeongsunjeong@example.net,8#7Kx1Iz38
bbag@example.org,_D1Mggf3t)
jeonghobag@example.org,k9B8Fszq+m
jungsu88@example.org,UX8AK9noE&
myeongsug85@example.org,*01SfUdk$V
junhoi@example.com,_DE%%9Bh^e
gyeongsui@example.com,U7$1Bu6ix$
ogim@example.net,1CgTIXIk@4
thwang@example.com,#2^XBrEs+f
heomiyeong@example.org,LB%wVA2x)1
bo@example.net,DH8ROGWx&H
caeweonbag@example.org,W(z*f2HzBv
jinho47@example.com,#lJX4TTi1n
misug48@example.com,_yaC_cEIv9
jeongnamseo@example.net,@KZ0memo6v
gimseongjin@example.com,F%D4Rnxh^!
ei@example.org,5dN3Igvv_t
bi@example.net,E)S39LGZAu
oheo@example.org,_X6vI7hNlZ
bagseongho@example.com,_x$7FxJ6)N
gimyeongil@example.net,xJ6P&Yy+L!
rbaeg@example.org,*##0C3gvyS
coegeonu@example.net,C7$LIn&d*r
songsangho@example.net,i%0ltCVyfM
li@example.org,(g9HumMhnd
pi@example.net,*ifAYzYb!0
jihyeon47@example.net,(5II!JSmqz
mijeongheo@example.com,Z+(7OtZzvV
myeongsuggim@example.net,s*@6VhJN$D
gimjia@example.com,jQG03Yxt_K
caeweonna@example.com,4eH9Cpqb$n
gimjeongja@example.org,k&zC2WHxz)
seongho60@example.com,9&0WTuyh%H
myeongja34@example.org,I7uGK2n%_a
igim@example.com,Kl_G5Kf^8j
gimseongjin@example.net,6+2oOjkCYy
gimjuweon@example.com,1&C7XB21&e
sanghyeon24@example.com,kctj4Zr#l@
seonghun41@example.org,v475XldY%C
sunog84@example.org,6_V8E&4jne
myeongsugbag@example.net,w@Xt(5Pq0*
yeongjin51@example.org,#W*_zTar4P
jaeho34@example.org,$(6WWJ)dpD
dmun@example.com,@4LdFOMbuj
yeongceol50@example.com,(fAYq(B881
yeonghoca@example.com,!0oJq0hlMm
qgwag@example.org,v5KB78vh@Z
jinhogim@example.com,_ubZ90Kr@B
seonyeong80@example.com,%4HDFDzk^k
yangeungyeong@example.net,K5kt0Tpg+4
cryu@example.com,_5kQ^vAlEN
pmun@example.net,0Bw9p_Ac#1
seohyeon22@example.net,M_6SfnR+F2
jangseongsu@example.org,W&8QI8ml)U
doyunmun@example.org,czF7EPBSp(
iminseog@example.net,3*o2GO1ir(
qyun@example.org,g(1zTp6^3s

